CGPA,10th_Percentage,12th_Percentage,Internships,Aptitude_Score,Communication_Score,Technical_Skill_Score,Projects,Certifications,Backlogs,Placement
7.11,68.8,56.0,0,53.0,6.0,5.7,1,0,0,Not Placed
9.59,80.0,86.9,2,81.5,10.0,9.2,2,4,0,Placed
8.65,83.8,68.7,1,68.7,7.8,6.9,2,4,0,Placed
8.07,80.3,79.5,0,57.9,8.4,7.0,3,1,0,Placed
6.17,63.2,58.3,0,75.5,6.3,6.7,1,4,0,Not Placed
6.17,66.9,47.5,0,67.6,5.4,6.1,1,3,1,Not Placed
5.75,61.4,51.9,0,70.3,5.8,6.2,4,3,2,Not Placed
9.22,89.4,78.9,1,68.9,9.3,8.6,1,4,0,Placed
8.08,75.6,76.5,2,77.3,7.6,8.5,2,2,1,Placed
8.54,68.5,87.7,0,59.1,9.1,6.9,3,1,0,Placed
5.59,57.2,45.0,0,43.0,6.5,4.4,3,2,0,Not Placed
9.67,91.5,88.9,2,79.3,9.8,7.2,4,3,0,Placed
9.08,86.8,81.9,0,88.5,8.2,8.7,2,3,0,Placed
6.41,52.5,64.5,1,56.1,5.5,7.0,4,4,1,Not Placed
6.28,52.7,60.1,2,73.8,5.7,5.8,3,4,1,Placed
6.29,67.7,53.5,0,61.2,6.4,5.3,1,3,1,Not Placed
6.81,64.7,61.0,0,82.1,7.1,5.4,1,4,0,Not Placed
7.76,78.1,65.9,1,55.4,5.7,7.4,2,1,1,Placed
7.36,70.0,75.6,1,79.8,7.1,7.5,2,0,0,Placed
6.75,64.6,62.9,1,74.1,6.8,5.0,3,5,1,Placed
8.13,83.1,88.0,2,67.2,7.6,8.1,3,0,2,Placed
6.1,55.1,56.6,0,63.8,7.1,5.1,2,2,1,Not Placed
6.76,65.2,57.9,1,66.1,7.0,6.3,1,3,0,Not Placed
7.08,64.1,55.0,1,62.8,7.9,6.8,2,2,1,Placed
7.46,67.6,56.3,0,55.7,7.0,6.4,3,5,1,Placed
8.88,81.0,70.2,1,71.4,9.1,8.0,2,2,0,Placed
6.36,62.5,61.2,0,76.2,7.6,5.4,3,0,2,Not Placed
7.71,69.5,74.6,1,69.8,8.5,7.7,1,2,1,Placed
8.05,84.6,63.0,0,76.2,6.8,7.3,3,3,0,Placed
5.7,48.9,59.9,1,46.8,5.5,5.5,4,2,2,Not Placed
8.11,75.1,71.2,1,65.0,7.5,6.5,2,3,1,Placed
6.23,56.7,59.2,2,73.5,6.6,5.9,3,5,0,Placed
5.78,66.0,65.6,0,37.9,6.4,5.7,5,5,0,Placed
9.58,90.7,93.6,1,79.7,8.3,8.7,2,2,1,Placed
9.65,97.1,86.1,1,84.7,9.1,9.2,3,3,0,Placed
8.98,73.6,75.9,2,84.5,6.9,9.7,1,3,0,Placed
6.81,66.8,48.2,1,61.3,7.8,7.0,3,5,2,Placed
5.92,63.3,50.5,2,64.4,5.5,5.9,1,6,1,Placed
8.44,79.8,76.0,2,86.2,8.1,7.7,5,2,0,Placed
7.39,77.5,61.4,2,78.8,6.9,5.3,3,4,1,Placed
6.02,54.4,55.5,1,47.3,6.9,5.5,4,2,0,Not Placed
7.63,82.0,70.9,1,66.4,5.1,6.8,3,0,1,Placed
5.65,70.8,51.6,2,70.3,5.7,5.9,3,0,1,Not Placed
9.41,85.3,81.3,3,99.5,8.8,9.1,2,3,0,Placed
6.61,60.0,62.7,2,51.8,6.1,6.2,4,3,1,Placed
8.35,88.7,79.7,1,78.1,9.3,6.4,5,0,0,Placed
6.84,76.2,55.9,0,39.5,6.0,5.3,3,3,0,Placed
7.74,69.5,81.2,1,70.5,8.1,7.4,5,2,0,Placed
7.85,71.1,71.6,2,93.9,7.8,8.7,3,3,0,Placed
6.29,58.4,58.9,1,49.7,7.3,5.8,3,2,0,Placed
9.67,80.7,93.1,1,76.2,8.5,9.0,3,1,1,Placed
8.83,76.3,82.5,2,89.9,7.8,9.0,2,2,0,Placed
9.54,81.9,93.7,1,68.1,9.8,8.1,0,2,0,Placed
9.35,81.9,87.4,2,79.8,9.1,9.1,2,3,0,Placed
8.07,75.8,69.9,1,78.5,6.5,6.8,3,1,0,Placed
9.46,89.9,88.8,1,76.6,8.5,9.2,2,3,0,Placed
5.88,67.6,47.1,1,53.7,6.2,5.6,2,1,2,Not Placed
6.34,53.8,59.9,2,71.0,7.0,6.4,5,3,2,Placed
5.69,62.0,53.3,0,54.9,5.2,4.4,2,4,1,Not Placed
6.9,64.2,62.6,0,62.4,4.4,6.5,3,1,0,Placed
7.17,67.7,65.5,3,70.4,7.4,8.7,1,3,2,Placed
6.67,68.4,48.9,0,61.7,5.6,5.1,0,0,2,Not Placed
9.06,76.9,79.0,1,78.7,6.9,8.0,4,3,0,Placed
7.03,69.5,65.8,1,69.3,4.6,6.6,3,2,0,Placed
6.71,65.2,63.5,1,57.4,7.2,6.7,4,3,1,Not Placed
7.83,77.4,64.9,1,68.9,7.6,6.8,1,3,0,Placed
6.11,60.8,66.0,0,43.9,5.9,3.3,3,5,0,Not Placed
8.95,100.0,75.8,1,78.8,9.6,9.1,2,3,0,Placed
5.82,51.8,61.4,1,47.5,6.4,5.9,2,3,2,Not Placed
9.74,87.0,91.7,2,77.9,10.0,7.9,0,2,0,Placed
8.82,78.3,76.2,0,76.7,7.2,7.2,1,5,0,Placed
6.35,57.0,71.7,1,61.8,6.3,7.0,2,4,2,Placed
5.52,49.1,45.0,0,57.2,4.3,5.8,1,2,1,Not Placed
9.01,92.6,88.8,0,71.3,8.3,8.5,5,4,0,Placed
8.54,90.1,85.3,0,76.1,7.9,7.3,2,2,0,Placed
8.63,76.9,74.4,0,78.2,8.7,7.6,1,4,0,Placed
8.82,76.8,90.5,2,86.6,8.4,8.3,1,4,0,Placed
5.82,59.5,52.9,0,43.4,6.3,5.9,3,1,0,Not Placed
7.04,63.1,67.3,3,74.3,7.4,6.6,1,4,1,Not Placed
6.0,62.2,58.0,3,68.6,7.7,5.7,4,2,1,Placed
9.21,87.5,83.2,1,81.1,8.4,9.1,5,2,0,Placed
8.18,66.4,80.8,0,48.5,7.1,7.1,2,2,0,Placed
6.92,76.7,69.8,1,65.5,7.0,7.3,3,4,0,Placed
5.77,68.3,45.0,2,81.4,5.2,5.2,0,1,1,Not Placed
6.84,60.9,72.6,1,59.7,7.9,6.3,3,0,1,Not Placed
6.9,63.0,52.4,0,52.5,6.5,5.4,2,4,0,Not Placed
8.64,83.0,86.4,1,80.5,7.7,7.9,2,1,0,Placed
8.24,79.9,83.6,2,80.9,7.5,6.8,2,1,0,Placed
9.32,91.6,77.4,2,97.8,9.3,8.5,3,2,0,Placed
7.53,85.3,66.6,0,51.9,7.1,5.5,2,2,2,Placed
6.01,56.6,48.5,2,68.4,5.5,6.4,1,3,1,Not Placed
8.57,74.8,77.1,0,78.2,9.5,8.0,3,0,0,Placed
8.77,72.5,78.1,0,72.4,7.6,6.4,3,6,0,Placed
7.91,69.5,78.3,2,78.7,7.6,8.5,4,4,0,Placed
8.82,82.4,89.9,0,84.4,8.9,9.4,1,2,0,Placed
7.62,84.6,80.1,0,73.9,6.0,6.7,4,2,2,Placed
7.75,69.6,67.5,0,54.7,7.8,6.3,3,2,1,Placed
7.34,71.2,66.4,2,79.3,6.3,9.1,1,3,2,Placed
5.61,54.3,45.0,2,57.4,6.3,4.7,3,1,2,Placed
5.96,65.8,50.2,1,57.4,5.2,5.5,2,1,2,Not Placed
5.64,72.3,59.8,2,59.0,6.3,5.7,5,4,2,Not Placed
8.24,73.8,87.0,0,68.3,8.8,8.1,1,2,0,Placed
6.85,61.9,55.0,1,75.3,7.4,6.6,3,2,0,Placed
7.69,80.0,66.8,1,68.8,7.6,6.7,2,5,0,Placed
9.4,92.5,85.6,0,67.3,8.6,7.5,5,3,0,Placed
6.57,75.7,63.1,1,57.3,6.0,5.8,2,2,1,Not Placed
7.26,73.0,61.5,3,76.2,8.2,6.7,5,3,1,Placed
8.75,79.5,83.1,0,85.9,7.7,7.6,4,0,0,Placed
6.48,66.2,57.1,0,62.6,5.6,5.2,2,4,3,Not Placed
5.83,64.1,54.6,0,43.2,6.4,4.0,4,3,2,Not Placed
6.75,70.1,66.5,0,83.5,6.0,6.7,5,4,0,Placed
6.19,63.0,57.9,3,69.1,5.4,6.1,2,6,1,Placed
9.5,96.1,83.6,1,96.0,7.8,7.7,2,5,0,Placed
8.97,92.1,81.3,1,77.8,8.1,8.0,3,5,0,Placed
8.22,87.0,74.9,2,83.0,7.8,7.9,2,3,0,Placed
9.25,90.9,81.9,0,85.8,8.9,6.8,0,2,0,Placed
8.96,82.7,80.1,1,91.4,9.2,8.4,2,3,0,Placed
6.3,61.5,70.0,1,69.8,6.7,5.1,2,3,2,Placed
9.34,95.6,89.2,1,90.8,8.6,9.7,2,5,0,Placed
7.82,68.1,70.0,3,75.5,7.4,8.2,1,1,0,Placed
8.97,86.5,86.9,2,77.6,8.9,8.2,4,5,0,Placed
9.35,84.5,83.0,1,85.5,9.8,8.0,3,4,0,Placed
6.87,65.7,72.0,2,76.9,6.8,6.6,1,6,0,Placed
5.97,66.5,58.5,0,50.5,5.6,5.6,3,5,0,Not Placed
6.48,63.4,59.6,0,67.3,5.6,5.6,3,2,1,Placed
7.34,69.9,71.0,0,77.6,6.0,6.2,5,1,0,Placed
9.02,74.9,71.5,1,70.5,9.0,8.2,0,1,0,Placed
9.2,91.2,76.2,1,72.6,9.1,7.9,2,2,0,Placed
5.53,58.2,45.0,1,52.1,6.1,4.9,4,3,2,Not Placed
7.7,87.9,72.0,3,80.8,7.3,6.3,5,4,0,Placed
7.29,67.0,79.6,1,61.4,8.2,7.4,3,5,0,Placed
6.46,63.4,75.8,1,74.0,6.0,6.2,4,3,2,Placed
6.02,59.7,60.8,0,57.4,6.8,4.7,1,0,0,Not Placed
6.95,77.2,68.0,0,60.5,6.8,7.4,3,1,2,Placed
9.55,88.4,74.5,1,69.3,8.5,8.7,2,1,0,Placed
6.89,67.6,60.1,1,50.5,7.2,5.6,1,2,0,Placed
7.73,77.3,65.7,2,76.8,7.8,8.0,4,3,0,Placed
8.52,81.3,73.8,0,50.6,8.4,7.7,1,0,0,Placed
7.06,64.0,64.2,0,71.1,6.9,6.4,3,2,0,Placed
9.68,91.5,84.9,1,83.0,9.0,8.5,5,1,0,Placed
9.64,97.3,74.0,0,100.0,10.0,8.7,1,3,0,Placed
6.58,55.7,66.5,0,80.4,7.4,5.5,5,3,0,Placed
7.64,73.2,63.0,2,71.5,7.9,7.7,5,3,0,Placed
6.79,59.9,64.7,0,57.9,6.7,4.6,3,2,1,Not Placed
6.72,72.5,77.0,1,72.4,7.4,5.9,1,6,0,Placed
5.66,45.0,46.8,0,67.5,6.1,6.1,2,1,0,Not Placed
8.12,72.5,56.9,0,52.5,7.8,6.5,2,3,0,Placed
7.66,75.0,68.6,1,51.6,7.1,6.6,2,4,0,Placed
5.72,66.3,61.5,2,52.7,5.7,5.4,2,3,2,Not Placed
6.7,63.5,76.0,1,68.1,4.0,5.3,5,5,0,Placed
9.41,83.9,77.3,2,91.5,9.0,7.3,1,2,0,Placed
6.53,75.6,64.3,0,67.7,6.1,5.5,3,3,1,Not Placed
6.12,48.7,54.0,2,49.9,7.4,6.1,0,1,1,Not Placed
7.6,56.5,69.4,0,41.8,7.3,6.6,3,3,0,Placed
9.74,93.8,100.0,2,97.6,8.2,9.1,4,2,0,Placed
6.54,59.0,50.4,1,52.8,6.4,6.1,2,1,0,Placed
8.39,71.7,78.8,3,62.7,7.2,9.1,1,3,0,Placed
8.77,87.1,83.6,1,79.2,8.7,7.8,3,3,0,Placed
6.52,64.1,68.3,0,64.8,6.7,5.3,3,0,1,Not Placed
8.63,77.0,79.8,0,71.5,9.0,7.3,3,3,0,Placed
7.08,58.3,67.8,2,64.5,6.3,7.3,2,3,1,Placed
8.22,83.4,72.8,1,72.1,7.9,8.5,2,1,0,Placed
8.22,81.9,77.4,2,73.9,6.8,7.4,5,3,0,Placed
7.8,72.9,69.5,0,53.0,8.1,6.9,4,4,0,Placed
5.89,69.8,59.6,1,49.0,6.3,5.7,3,3,2,Not Placed
9.09,77.5,80.5,0,81.4,9.0,7.2,4,2,0,Placed
6.88,54.9,66.5,3,74.8,6.7,7.0,3,2,1,Placed
6.3,55.6,58.6,2,64.9,6.6,5.2,2,3,1,Placed
5.68,54.7,61.3,3,52.6,7.0,4.8,1,5,2,Not Placed
8.04,77.5,73.6,0,66.5,7.5,7.2,2,3,0,Placed
8.41,77.3,64.8,1,53.3,8.1,7.4,3,0,0,Placed
5.57,56.5,61.3,2,59.6,4.8,5.7,0,3,2,Not Placed
7.7,64.0,64.6,1,84.0,6.7,7.0,2,5,0,Placed
6.47,72.0,55.7,2,49.8,6.5,5.6,4,1,0,Not Placed
8.27,77.2,71.8,3,76.2,8.8,8.2,3,6,1,Placed
6.25,67.8,68.0,2,66.2,6.0,5.3,3,5,0,Not Placed
8.47,81.9,62.7,2,92.1,7.9,9.0,4,0,0,Placed
7.16,71.2,88.3,0,57.2,6.6,5.3,0,5,1,Placed
9.53,92.9,94.3,0,72.6,8.5,8.1,3,2,1,Placed
6.09,61.7,58.5,3,46.0,6.3,5.6,4,4,0,Placed
6.97,70.8,64.3,0,61.3,5.6,6.5,3,2,1,Placed
5.99,67.0,58.1,2,81.3,7.0,5.7,2,2,1,Not Placed
9.48,89.8,90.1,2,89.9,8.4,8.6,1,3,0,Placed
9.27,91.5,89.2,1,81.3,9.3,9.0,4,4,0,Placed
6.61,62.5,65.4,3,72.8,5.5,6.8,3,0,1,Placed
8.34,88.5,77.2,1,74.4,8.5,8.0,4,3,0,Placed
9.01,79.6,81.0,1,71.4,9.0,7.5,3,1,0,Placed
7.89,87.0,71.6,0,75.4,7.9,5.9,3,2,0,Placed
7.78,73.2,70.3,1,72.6,6.7,7.2,4,2,1,Placed
6.54,52.5,68.8,0,57.2,6.6,5.5,3,3,2,Not Placed
5.9,57.8,59.5,1,46.5,5.0,5.9,2,2,2,Not Placed
9.36,82.6,64.8,2,99.2,8.6,8.8,3,1,0,Placed
9.37,93.3,90.1,3,96.9,9.6,9.3,4,1,1,Placed
8.22,72.8,76.9,0,64.1,8.5,6.0,2,0,0,Placed
6.96,63.1,64.4,1,74.2,6.8,7.7,2,3,0,Placed
7.0,53.4,62.2,3,67.5,6.1,7.0,1,6,0,Not Placed
8.62,77.7,86.9,0,64.8,8.7,8.0,4,1,0,Placed
9.36,70.4,92.1,0,70.6,8.8,7.6,1,5,0,Placed
9.31,75.8,79.6,0,60.1,6.9,8.3,3,4,0,Placed
8.85,88.2,83.8,1,83.1,9.0,7.1,2,3,0,Placed
8.26,83.2,69.1,0,51.6,7.9,7.5,2,3,0,Placed
5.86,59.5,45.3,3,51.7,6.8,5.9,3,4,1,Not Placed
6.2,52.8,53.6,1,37.7,5.3,5.8,1,1,0,Not Placed
9.36,87.0,91.5,1,81.3,6.3,9.0,3,3,0,Placed
8.11,76.3,81.2,0,67.3,8.0,6.2,4,3,0,Placed
5.54,45.6,55.8,1,50.3,5.8,4.7,4,3,3,Not Placed
5.94,67.8,60.8,2,50.1,4.6,6.2,1,4,0,Not Placed
8.35,84.6,80.3,2,66.9,7.2,9.4,4,0,1,Placed
5.52,52.0,47.5,2,62.0,7.8,5.4,3,3,0,Not Placed
6.19,59.7,60.9,1,52.9,5.9,6.1,4,3,0,Placed
7.86,75.6,78.0,3,82.1,8.1,7.8,3,2,0,Placed
8.48,65.3,83.1,2,70.7,7.5,9.4,3,2,0,Placed
8.3,76.3,84.5,2,80.1,6.2,6.7,4,3,0,Placed
6.46,57.1,65.2,0,69.5,6.2,5.7,4,5,1,Placed
8.56,73.3,80.9,0,78.1,7.9,6.3,2,3,0,Placed
6.52,60.4,68.2,0,52.8,6.1,3.9,2,4,1,Not Placed
6.9,78.3,63.8,2,70.3,6.7,6.9,2,2,1,Placed
8.71,86.1,73.6,1,74.9,8.5,8.0,2,1,0,Placed
8.29,74.0,75.0,1,74.3,7.8,7.4,2,0,0,Placed
9.15,89.5,78.4,2,81.4,7.6,8.6,2,0,0,Placed
8.33,88.1,71.7,2,76.8,8.3,10.0,4,2,0,Placed
7.94,81.3,72.1,3,81.7,6.1,7.8,1,2,1,Placed
5.9,57.3,49.8,1,46.3,4.3,5.8,3,4,3,Not Placed
7.08,62.8,63.4,2,58.9,7.5,6.4,1,4,2,Not Placed
6.64,68.3,48.5,0,43.9,6.9,6.0,2,0,0,Not Placed
6.55,65.4,62.5,0,41.1,6.4,5.5,1,1,2,Not Placed
9.68,96.5,88.2,0,68.4,8.0,8.1,2,2,0,Placed
7.19,72.7,60.8,1,67.5,6.4,7.9,4,3,3,Placed
9.34,94.5,89.9,1,73.1,8.6,9.3,4,1,0,Placed
8.21,73.5,82.0,2,82.7,6.6,7.9,2,1,0,Placed
8.92,92.7,70.4,0,75.2,7.8,6.1,3,5,0,Placed
7.66,73.8,65.3,2,53.8,7.9,7.1,3,4,0,Placed
7.98,89.8,68.0,1,78.4,8.8,9.2,4,1,0,Placed
7.62,67.2,63.7,0,73.3,7.0,6.5,4,2,1,Placed
6.34,72.9,65.0,1,49.6,6.9,6.6,3,2,2,Not Placed
8.61,82.2,77.6,0,76.8,6.6,8.5,3,4,0,Placed
6.71,59.5,60.5,1,53.8,7.1,6.3,4,3,1,Placed
5.6,50.9,45.0,1,55.0,5.0,4.6,0,1,2,Not Placed
8.28,75.6,80.5,0,57.5,8.1,5.5,2,4,0,Placed
6.26,63.1,49.8,0,37.0,6.0,5.9,4,2,1,Not Placed
9.54,92.6,87.4,1,79.7,10.0,8.1,3,2,0,Placed
9.6,85.5,89.5,3,90.8,8.3,9.5,3,2,0,Placed
9.43,87.8,95.6,1,78.7,9.4,7.7,3,3,0,Placed
7.09,82.4,56.5,2,57.3,6.7,6.7,2,2,1,Placed
5.57,66.1,45.0,2,53.8,5.5,5.6,3,2,0,Placed
9.49,91.6,87.8,3,93.9,8.8,9.5,3,2,0,Placed
7.34,69.9,80.5,2,70.6,6.4,6.3,2,0,0,Placed
9.66,90.8,96.7,1,86.3,9.0,9.6,3,4,0,Placed
9.64,94.1,89.3,2,81.6,9.0,8.7,4,1,0,Placed
9.17,78.5,80.3,2,96.5,8.8,7.5,1,0,0,Placed
6.77,62.8,68.5,1,51.0,6.7,6.2,3,3,1,Placed
7.16,56.3,59.5,1,70.6,7.6,6.6,2,4,0,Placed
9.16,88.4,87.0,0,88.5,9.4,8.1,3,4,0,Placed
6.86,69.9,67.2,2,72.3,5.9,7.6,2,3,2,Placed
6.23,56.4,65.6,2,60.7,6.9,6.0,3,1,2,Placed
7.89,85.4,92.0,0,61.9,6.6,6.8,4,4,1,Placed
9.53,80.3,89.7,1,93.8,9.4,7.9,2,3,0,Placed
8.49,69.5,74.3,1,61.4,8.6,8.3,4,2,0,Placed
7.95,76.5,73.0,0,57.9,6.1,7.0,5,5,0,Placed
5.92,64.4,45.0,3,60.4,6.0,5.9,1,1,1,Not Placed
8.14,88.4,70.0,0,81.4,7.4,5.7,2,6,0,Placed
9.76,87.7,86.0,0,85.0,8.5,9.5,5,5,0,Placed
6.1,66.2,53.4,1,48.1,7.2,4.8,5,3,2,Not Placed
7.73,72.8,72.3,2,70.9,6.9,7.0,1,5,1,Placed
9.27,85.4,78.9,0,71.4,8.1,8.3,0,4,0,Placed
8.69,87.7,87.5,2,74.1,8.3,7.4,1,1,0,Placed
8.5,84.4,78.0,1,85.5,8.6,6.7,5,2,0,Placed
8.52,68.9,78.1,0,58.2,8.0,5.9,1,0,0,Placed
7.05,77.4,63.0,0,77.0,7.8,6.6,3,2,1,Placed
6.76,74.1,63.9,1,71.0,7.1,5.8,4,4,2,Placed
8.98,79.6,87.9,0,86.3,6.7,9.9,0,2,1,Placed
8.98,86.8,76.1,3,82.7,8.1,8.2,3,2,0,Placed
9.23,89.7,79.7,2,83.7,8.2,8.1,2,3,0,Placed
9.43,89.8,83.9,3,76.4,9.2,8.9,4,5,0,Placed
7.7,68.9,61.6,0,60.5,5.3,6.9,2,0,0,Placed
7.66,67.7,64.9,3,82.4,9.4,7.4,3,2,0,Placed
8.93,83.4,78.4,1,91.9,8.9,8.5,3,1,0,Placed
8.29,86.2,82.2,1,63.1,8.0,6.9,2,3,0,Placed
8.52,83.8,80.0,0,68.2,9.0,6.4,0,1,0,Placed
8.92,80.9,83.0,0,73.4,10.0,6.5,2,3,0,Placed
9.33,92.5,91.1,2,72.0,9.5,7.3,2,2,0,Placed
6.95,46.2,63.5,1,70.0,7.6,6.0,4,1,2,Placed
7.12,75.7,68.7,0,54.2,7.0,6.0,4,5,0,Placed
5.9,45.0,54.6,1,54.3,5.8,5.0,3,0,2,Not Placed
7.99,72.8,75.4,0,63.4,7.3,7.8,3,2,0,Placed
5.65,46.9,49.1,1,46.5,5.0,6.1,3,0,1,Not Placed
7.5,61.9,52.2,1,68.2,6.7,6.6,4,3,0,Not Placed
7.83,82.0,71.2,2,72.6,6.4,6.3,2,3,1,Placed
6.73,61.0,72.5,2,62.8,6.5,6.2,2,2,1,Placed
8.04,78.2,80.4,1,65.0,6.4,6.9,2,1,1,Placed
5.63,54.2,59.7,1,57.4,5.8,4.8,3,2,1,Not Placed
5.66,58.1,61.9,1,71.0,5.7,4.8,2,3,0,Placed
9.04,85.1,83.3,2,85.2,8.7,8.1,2,4,0,Placed
7.05,58.1,66.7,1,74.8,6.5,6.2,1,3,1,Placed
6.05,65.2,52.3,0,39.5,8.5,4.8,3,3,3,Placed
7.75,69.7,69.2,0,67.7,8.5,6.9,2,1,1,Placed
8.81,71.6,85.0,1,67.1,7.3,8.3,1,2,0,Placed
6.43,58.6,68.4,1,45.5,6.5,5.3,2,1,2,Not Placed
8.18,87.5,74.2,2,70.0,7.3,8.7,2,2,0,Placed
5.87,62.6,51.9,0,63.9,5.1,4.4,3,1,1,Not Placed
5.72,52.9,53.8,1,64.4,4.7,4.2,2,3,1,Not Placed
7.78,71.0,75.9,2,76.8,7.8,7.7,2,3,1,Placed
7.82,71.6,61.9,2,59.3,7.0,6.9,3,5,0,Placed
8.24,92.0,59.6,1,71.8,8.6,7.7,2,1,0,Not Placed
8.62,83.5,75.1,1,79.7,9.0,6.2,1,3,0,Placed
9.7,93.4,79.8,1,86.5,10.0,9.8,4,4,0,Placed
7.72,80.1,67.6,3,59.5,6.8,8.2,2,3,0,Placed
6.89,67.3,62.9,0,50.8,7.1,4.9,2,2,0,Not Placed
8.92,81.7,78.4,3,86.3,8.9,7.8,0,2,0,Placed
6.66,62.2,72.1,2,71.3,6.2,7.7,3,0,1,Not Placed
7.39,69.5,70.6,1,45.5,6.5,6.3,3,2,1,Not Placed
5.84,56.1,56.9,0,50.2,7.2,4.5,3,4,0,Not Placed
5.61,59.5,57.2,1,55.5,5.9,3.6,3,0,0,Not Placed
9.64,90.2,79.9,1,92.8,9.5,8.5,1,1,0,Placed
9.09,90.1,90.4,0,83.1,7.9,7.7,2,4,0,Placed
8.49,79.1,77.3,2,85.5,7.1,8.6,4,4,0,Placed
7.26,69.4,71.9,3,66.5,6.6,6.4,5,3,2,Placed
6.25,46.0,50.9,1,39.8,6.1,4.7,1,3,0,Placed
6.17,65.7,46.8,2,58.3,5.3,6.4,3,2,0,Placed
6.58,65.3,67.0,0,67.4,6.5,6.4,2,1,0,Not Placed
7.86,81.2,75.0,1,84.9,6.2,6.1,1,2,0,Placed
8.57,60.1,72.2,0,79.4,7.2,8.2,2,3,0,Placed
8.34,93.0,70.5,1,78.8,8.5,7.6,1,5,0,Placed
6.7,63.0,70.2,3,74.0,7.1,7.6,3,0,1,Placed
9.61,97.3,79.3,2,82.5,8.7,9.0,3,3,0,Placed
8.67,74.0,90.9,0,71.7,7.4,5.8,1,2,0,Placed
7.88,78.6,66.3,1,87.8,6.7,7.1,0,3,0,Placed
8.13,69.2,79.2,1,63.5,7.5,8.2,4,0,1,Placed
7.3,64.9,65.2,1,82.9,7.6,6.1,1,2,0,Placed
6.57,76.2,65.4,2,62.1,7.2,6.1,3,4,1,Placed
7.03,65.5,61.4,2,82.0,6.5,6.7,2,3,1,Not Placed
8.76,83.6,79.1,1,63.6,7.4,5.9,3,3,0,Placed
5.56,60.0,52.7,1,59.6,5.8,6.4,2,2,1,Placed
6.0,61.3,49.2,0,45.6,5.3,4.6,1,2,0,Not Placed
5.7,56.2,58.8,0,36.6,5.3,5.3,2,2,2,Not Placed
5.68,57.5,49.8,1,56.8,6.8,5.2,1,4,1,Not Placed
9.18,100.0,82.3,1,90.9,9.3,9.2,2,6,0,Placed
8.53,79.7,71.3,2,71.5,8.2,8.4,3,2,0,Placed
7.54,72.8,51.7,2,57.6,6.3,7.1,2,2,2,Not Placed
5.92,64.5,54.2,0,51.5,6.1,4.5,0,4,1,Not Placed
7.61,79.7,87.1,1,68.2,8.2,7.5,3,2,1,Placed
7.54,79.7,75.1,0,70.0,7.0,5.2,3,3,1,Placed
6.24,64.4,58.2,0,64.3,7.3,5.9,5,2,3,Not Placed
7.37,61.9,66.3,2,70.7,8.2,6.3,3,4,0,Placed
7.21,79.9,66.9,0,80.6,8.3,7.1,3,3,1,Placed
8.15,68.7,78.7,1,75.4,8.0,7.5,3,4,0,Placed
8.23,79.5,67.3,0,66.3,8.3,7.6,4,4,0,Placed
5.69,49.8,61.3,2,42.6,6.9,5.7,4,1,1,Not Placed
7.11,67.1,70.9,1,62.7,7.3,5.3,2,4,0,Placed
8.19,79.4,80.3,0,66.1,7.4,6.5,2,4,1,Placed
7.66,74.7,73.7,1,79.1,7.0,7.5,2,2,0,Placed
9.18,88.7,84.0,2,89.5,8.8,8.8,3,1,0,Placed
8.33,89.6,81.2,3,70.7,6.9,9.1,3,0,0,Placed
6.2,62.7,62.1,0,56.2,6.1,5.7,3,3,1,Not Placed
5.8,54.3,52.0,2,66.2,6.7,5.1,1,2,2,Not Placed
8.26,84.4,71.8,3,97.2,6.1,7.7,3,3,0,Placed
5.61,62.7,53.5,3,71.0,6.9,6.0,4,1,1,Not Placed
8.02,67.0,84.6,1,79.8,8.6,5.7,2,4,0,Placed
9.54,93.1,78.3,1,84.2,8.6,9.8,3,2,0,Placed
7.97,80.0,63.1,1,75.7,8.1,7.6,2,1,1,Placed
7.17,66.0,67.5,2,82.3,7.0,7.8,4,3,2,Placed
8.27,87.4,76.3,1,60.7,8.9,6.4,4,3,0,Placed
7.47,69.7,70.2,2,68.5,8.0,8.1,3,1,0,Placed
7.85,75.0,74.0,1,63.1,6.4,8.7,3,2,0,Placed
9.55,87.8,85.5,2,91.4,9.4,8.1,4,1,0,Placed
7.16,68.1,76.7,2,82.0,6.8,7.5,3,4,0,Placed
9.63,82.1,76.6,0,74.3,9.1,8.4,2,4,0,Placed
9.39,77.6,79.9,2,62.5,8.2,7.8,4,3,0,Placed
6.34,72.0,58.4,1,55.4,7.7,6.2,2,4,1,Placed
5.8,50.1,45.0,2,68.6,6.7,6.3,2,4,2,Not Placed
5.93,50.2,54.4,1,61.9,5.3,5.1,4,1,2,Not Placed
5.58,45.0,64.2,1,58.1,4.6,6.0,3,6,1,Not Placed
5.91,52.5,55.6,3,61.5,5.6,5.0,2,4,1,Placed
8.44,70.0,79.0,0,58.5,8.4,6.3,2,1,0,Placed
5.81,67.6,45.7,2,64.7,6.0,5.8,2,1,1,Placed
6.87,72.5,59.5,1,55.2,7.7,6.3,2,1,1,Placed
9.13,80.5,80.8,1,100.0,9.2,7.8,1,1,0,Placed
5.6,70.0,50.5,1,59.7,6.4,5.8,3,4,2,Not Placed
9.0,91.1,91.3,1,73.7,8.8,8.5,2,3,0,Placed
6.71,61.8,66.3,1,56.2,5.5,6.8,3,4,1,Placed
6.01,45.0,48.5,0,52.1,5.9,5.1,2,4,1,Not Placed
8.5,95.8,79.7,0,69.4,8.9,7.8,5,3,0,Placed
8.2,67.4,78.8,0,80.7,7.8,6.8,2,3,0,Placed
9.27,75.1,92.6,3,91.4,9.1,10.0,1,0,0,Placed
8.66,88.4,90.4,3,77.6,8.0,8.0,1,2,0,Placed
8.95,100.0,74.8,1,98.0,7.6,9.6,3,3,0,Placed
6.71,73.7,56.7,2,66.8,6.5,6.6,3,0,0,Placed
6.26,64.0,49.7,1,66.6,6.5,4.8,2,0,2,Not Placed
8.73,86.0,78.3,2,75.4,7.8,9.2,2,4,0,Placed
8.97,89.9,85.3,2,86.9,8.3,8.6,1,3,0,Placed
9.76,96.2,95.8,3,96.3,8.4,10.0,3,2,0,Placed
7.27,70.9,66.7,1,47.6,8.0,7.5,3,3,1,Placed
7.1,68.2,63.5,2,89.4,6.7,7.1,1,4,2,Placed
8.84,82.4,82.0,0,87.2,9.5,7.3,1,2,0,Placed
6.97,61.1,58.8,3,68.3,8.0,7.8,1,0,1,Placed
9.5,86.6,100.0,0,68.2,8.9,8.3,1,5,0,Placed
9.19,74.0,72.7,1,84.4,7.9,8.8,3,2,0,Placed
7.34,68.9,69.2,2,71.9,5.4,5.6,1,1,1,Not Placed
8.73,74.9,94.1,2,85.0,7.1,8.6,2,3,0,Placed
8.74,74.2,80.1,0,75.5,7.2,7.2,1,4,0,Placed
5.94,58.5,54.3,3,69.6,7.1,7.4,5,1,0,Placed
9.38,97.3,83.1,0,92.8,8.9,8.6,4,2,0,Placed
7.67,78.9,69.5,1,75.2,7.7,7.2,2,2,0,Placed
9.05,73.6,92.3,0,65.4,6.8,8.2,2,6,0,Placed
6.88,58.6,48.4,1,77.2,5.8,5.6,2,1,0,Not Placed
9.35,93.9,96.1,1,98.5,9.5,9.6,3,3,0,Placed
7.17,61.2,56.4,1,97.3,7.2,8.0,0,5,0,Placed
5.55,52.3,50.4,0,38.4,5.5,5.1,3,1,1,Not Placed
9.39,91.5,82.7,0,80.9,9.3,9.3,3,6,0,Placed
5.89,50.1,59.4,1,35.4,7.2,5.1,4,5,1,Not Placed
6.87,66.2,52.6,2,73.1,6.5,6.1,1,5,1,Placed
9.59,80.1,90.7,2,82.4,9.0,9.1,4,1,0,Placed
9.59,85.2,100.0,0,99.2,9.1,8.6,4,3,0,Placed
7.97,77.4,63.8,1,64.0,9.6,7.0,1,4,0,Placed
8.22,66.2,76.8,0,52.8,6.2,7.5,2,6,0,Placed
7.43,73.5,64.0,0,59.0,7.7,6.7,1,1,1,Placed
6.76,64.4,65.8,2,46.9,6.5,5.9,2,4,1,Placed
6.91,69.7,64.3,1,71.3,7.2,6.7,2,2,1,Placed
8.39,80.4,72.5,0,50.3,7.5,7.9,3,1,0,Placed
8.74,91.5,83.5,0,73.8,8.2,7.7,2,2,0,Placed
8.9,84.2,94.1,0,54.0,9.0,8.5,5,4,0,Placed
8.9,80.3,80.1,2,79.5,10.0,7.6,1,3,0,Placed
5.89,57.7,60.3,3,80.6,6.6,6.5,5,3,1,Placed
7.63,75.9,61.3,0,68.8,6.7,5.8,2,6,1,Placed
5.75,55.9,47.3,0,42.5,5.5,4.2,4,2,2,Not Placed
7.86,74.5,75.7,2,74.6,7.2,7.1,2,3,0,Placed
7.4,65.2,78.8,3,75.7,5.7,6.8,1,2,2,Placed
9.32,82.4,87.6,1,86.6,8.5,8.1,4,2,0,Placed
7.01,56.9,62.8,0,46.9,7.4,5.9,2,3,2,Not Placed
6.0,70.0,56.2,0,58.9,5.0,5.8,3,5,2,Not Placed
6.11,50.1,48.4,1,35.0,6.9,5.4,3,3,2,Not Placed
8.77,77.3,84.5,1,71.5,8.7,6.9,3,4,0,Placed
8.16,71.8,81.2,0,64.3,7.2,7.9,3,1,0,Placed
5.93,63.4,52.4,1,62.8,5.8,4.9,3,1,0,Not Placed
5.86,54.5,51.7,0,52.2,7.2,5.1,1,3,2,Not Placed
8.51,88.6,79.9,2,65.8,8.7,8.4,3,0,0,Placed
5.81,51.4,51.5,1,45.7,5.8,5.5,4,2,2,Not Placed
9.03,86.4,82.1,0,77.7,8.3,8.6,1,3,0,Placed
8.54,74.3,93.0,1,75.3,8.2,8.1,1,0,0,Not Placed
5.85,71.5,53.2,1,50.1,5.5,4.8,3,2,0,Placed
5.86,48.3,52.5,3,59.1,4.2,7.7,2,3,0,Not Placed
9.74,92.9,84.2,1,92.0,10.0,9.0,2,3,0,Placed
7.11,72.0,71.1,0,56.1,7.0,6.1,1,5,0,Placed
7.09,70.3,64.4,2,68.3,7.2,7.5,3,3,0,Placed
9.0,82.9,77.8,0,97.2,8.5,8.0,1,2,0,Placed
9.57,88.3,96.5,3,77.5,8.4,9.7,3,5,0,Placed
9.74,91.0,98.7,1,66.5,9.0,10.0,4,4,0,Placed
8.74,80.9,75.8,1,85.4,7.0,7.8,2,1,0,Placed
7.12,74.4,52.9,0,54.6,8.8,6.0,3,1,0,Placed
5.86,72.0,62.0,1,52.8,4.9,5.5,5,3,3,Not Placed
8.84,78.9,76.1,2,74.5,7.5,9.1,3,3,1,Placed
7.9,64.9,78.3,2,72.7,7.2,6.5,4,4,0,Placed
7.32,68.8,53.9,0,78.9,8.1,5.0,2,4,0,Placed
9.4,100.0,92.0,0,86.5,8.8,7.8,4,3,0,Placed
5.98,52.0,47.5,2,69.5,5.0,4.8,0,6,2,Placed
7.62,83.5,75.4,3,63.0,8.4,7.4,1,3,0,Placed
5.55,65.6,52.4,0,38.1,6.2,5.2,2,1,2,Not Placed
7.52,67.3,62.7,1,40.0,7.7,6.3,2,4,1,Not Placed
5.74,59.5,51.1,1,47.0,6.4,4.3,4,2,0,Not Placed
6.01,69.3,61.1,2,70.6,7.9,6.0,2,4,2,Placed
6.01,55.2,57.0,0,58.2,7.8,5.8,3,6,2,Placed
8.29,76.5,80.2,0,68.0,7.4,6.0,3,3,0,Placed
8.71,77.6,93.6,2,81.1,9.6,8.8,3,3,0,Placed
8.01,68.4,62.7,0,61.2,8.0,7.5,2,3,0,Placed
9.64,85.3,99.2,1,86.3,9.4,9.4,3,2,0,Placed
7.11,59.0,66.6,1,73.0,5.6,7.4,2,2,0,Placed
6.73,64.5,56.3,1,46.3,6.5,7.7,1,3,1,Not Placed
9.23,80.8,75.0,1,84.2,8.0,8.1,5,4,0,Placed
6.46,63.5,58.9,1,69.8,7.0,6.0,1,3,2,Not Placed
9.64,78.9,94.3,0,76.1,9.9,8.1,1,1,0,Placed
5.55,56.2,51.4,1,60.6,4.0,5.2,4,3,2,Not Placed
9.67,95.9,98.7,2,100.0,9.0,10.0,2,4,0,Placed
5.69,45.0,45.0,2,57.6,6.6,4.7,3,3,0,Not Placed
9.33,89.7,85.1,0,81.9,8.6,7.5,2,3,0,Placed
7.77,82.0,62.8,0,58.9,8.1,7.7,2,4,1,Placed
9.77,82.5,91.5,0,83.1,9.4,9.2,2,3,0,Placed
5.82,67.9,60.8,1,60.3,6.1,5.2,2,2,1,Not Placed
7.88,77.3,69.6,1,73.0,7.3,7.8,2,5,0,Placed
9.67,85.2,69.9,2,78.3,8.1,9.3,3,1,0,Placed
7.75,72.8,72.8,0,68.2,6.6,7.8,3,6,0,Placed
8.21,81.2,78.5,0,84.2,8.4,7.2,5,1,0,Placed
8.49,80.2,80.7,1,80.2,8.1,8.5,0,0,1,Placed
7.45,74.3,77.5,2,81.5,7.1,9.0,3,5,1,Placed
8.2,70.7,67.8,0,67.1,7.5,7.5,3,2,1,Placed
8.01,76.7,78.4,1,79.6,7.4,7.3,4,4,0,Placed
9.37,77.6,93.9,0,81.1,9.6,8.7,0,4,0,Placed
5.7,54.4,45.0,2,49.2,5.5,5.4,3,4,2,Placed
6.71,57.7,64.6,2,69.5,5.5,8.2,4,6,1,Placed
9.59,84.2,83.9,0,70.0,9.6,8.5,2,2,0,Placed
9.33,95.8,84.6,0,71.6,8.6,7.9,4,4,0,Placed
7.46,78.3,71.3,1,69.8,7.2,6.3,0,1,0,Not Placed
8.17,81.2,71.7,0,72.2,9.1,7.9,3,2,1,Placed
6.69,56.2,57.5,2,54.3,6.6,7.1,5,4,1,Not Placed
6.31,58.3,59.1,2,73.9,6.5,5.8,3,2,2,Not Placed
7.49,79.4,61.6,2,77.9,6.3,7.6,2,3,2,Placed
7.02,67.8,57.5,2,61.6,6.7,5.7,0,3,0,Not Placed
8.01,91.7,78.4,1,56.7,8.2,7.4,4,3,0,Placed
5.83,59.1,46.7,0,50.3,4.6,5.4,3,6,1,Not Placed
9.69,91.6,93.0,2,84.2,9.2,10.0,0,0,0,Placed
9.74,88.5,92.0,1,86.2,9.2,8.3,3,3,0,Placed
8.5,80.7,65.9,2,76.1,8.1,7.2,3,5,0,Placed
7.81,72.7,67.2,0,46.5,8.3,6.2,1,3,0,Placed
6.83,70.1,71.8,0,55.3,7.0,5.0,2,0,1,Not Placed
9.0,90.9,75.4,3,84.4,9.7,9.8,1,3,0,Placed
8.44,73.8,74.2,0,77.6,7.2,8.4,3,2,0,Placed
6.2,50.2,61.2,3,59.5,6.3,6.7,3,1,1,Not Placed
9.42,75.0,91.4,3,100.0,8.9,10.0,3,4,1,Placed
9.04,88.1,80.9,2,64.7,7.7,8.7,4,3,0,Placed
9.58,81.6,83.2,2,100.0,9.7,9.0,4,5,0,Placed
8.62,65.8,89.0,1,74.4,10.0,7.6,3,4,0,Placed
8.14,79.4,87.0,2,85.6,7.8,7.6,0,3,0,Placed
7.3,86.7,74.4,0,63.5,7.5,5.3,3,0,2,Placed
9.51,88.6,87.3,1,94.7,9.0,8.8,2,2,0,Placed
9.22,92.0,78.6,1,77.3,8.1,8.3,3,1,0,Placed
5.69,55.6,47.7,1,43.7,4.3,5.8,3,5,1,Not Placed
5.61,53.7,56.5,1,68.3,5.1,5.3,2,1,1,Not Placed
7.12,74.1,68.9,1,64.3,5.8,6.4,4,2,0,Not Placed
8.99,82.1,92.0,1,81.6,9.9,7.6,1,3,0,Placed
9.75,92.7,93.4,2,100.0,9.0,9.2,3,2,0,Placed
6.15,61.4,47.0,0,43.8,5.8,5.9,0,1,1,Not Placed
8.05,71.2,81.4,3,86.3,8.4,7.2,4,3,1,Placed
7.14,74.8,59.1,2,63.7,6.1,7.0,1,1,0,Not Placed
9.67,88.9,85.4,2,87.2,8.4,9.3,1,0,0,Placed
9.12,80.0,85.1,1,81.1,8.7,7.8,2,2,0,Placed
9.1,88.8,97.1,2,69.2,9.4,8.2,2,4,0,Placed
7.52,64.9,91.2,0,56.6,7.7,6.7,2,3,2,Not Placed
7.28,69.3,71.6,2,84.1,7.3,6.2,3,2,0,Placed
6.68,63.7,60.8,0,67.0,6.6,6.1,2,3,0,Placed
5.74,63.1,57.7,2,58.4,6.1,5.1,0,2,1,Not Placed
9.22,89.5,90.4,3,91.6,8.8,9.8,2,5,0,Placed
9.0,84.0,80.1,0,72.6,7.7,9.5,4,0,0,Placed
9.8,97.0,100.0,0,95.1,9.2,7.9,3,3,0,Placed
9.79,100.0,90.8,2,87.4,8.3,9.6,3,5,0,Placed
7.89,78.3,76.1,0,69.5,7.6,6.4,3,4,0,Placed
8.81,82.6,85.3,2,93.5,8.0,9.1,2,1,0,Placed
9.56,79.9,90.1,0,71.9,10.0,7.4,1,2,0,Placed
9.15,78.1,89.5,0,92.2,8.6,8.3,2,4,0,Placed
6.56,60.6,56.8,3,53.9,5.3,6.1,4,1,0,Placed
7.44,66.2,64.8,2,88.1,7.1,7.0,5,4,1,Placed
6.06,57.0,49.0,2,57.7,6.5,5.2,3,4,1,Not Placed
9.6,89.9,90.6,1,81.6,10.0,9.3,0,4,0,Placed
8.11,80.1,80.0,2,57.9,7.3,7.2,1,1,0,Placed
6.48,61.5,63.6,1,56.1,5.1,6.4,2,4,0,Placed
8.39,82.2,88.7,1,64.5,8.6,7.4,3,3,0,Placed
8.16,77.3,75.0,2,71.1,6.7,7.7,1,4,0,Placed
7.04,53.1,69.9,1,63.4,6.5,6.6,5,0,0,Placed
5.99,51.1,48.5,1,66.5,5.8,5.0,2,0,1,Placed
8.39,77.8,74.3,0,73.0,7.9,7.4,4,2,0,Placed
7.74,64.6,76.2,2,77.1,8.0,8.5,4,1,1,Placed
8.82,86.8,86.7,0,63.2,7.8,7.1,4,3,0,Placed
7.74,83.8,69.3,2,65.2,7.2,8.3,3,5,0,Placed
9.16,94.1,83.2,0,94.7,8.6,9.0,3,2,0,Placed
7.87,72.8,61.8,1,63.7,7.7,6.6,3,4,0,Placed
7.91,85.0,70.3,2,91.9,7.7,6.6,3,0,0,Placed
9.27,87.6,90.9,0,75.1,9.1,8.3,3,1,0,Placed
7.23,66.3,70.9,0,62.2,7.7,5.9,5,0,0,Placed
6.08,54.2,60.4,0,64.3,6.4,6.6,3,2,0,Not Placed
5.62,52.3,53.2,1,66.9,6.0,5.3,4,5,2,Not Placed
8.75,79.3,80.2,2,80.5,7.0,7.7,4,1,0,Placed
8.17,78.1,70.5,0,65.4,7.8,6.3,2,3,1,Placed
8.53,81.2,83.1,2,79.4,8.5,8.9,1,3,0,Placed
6.42,61.5,62.8,1,63.5,6.9,5.5,3,5,0,Not Placed
6.09,61.7,60.4,1,66.6,5.5,5.7,3,1,0,Not Placed
5.56,62.3,48.7,3,61.7,5.1,6.6,4,1,1,Not Placed
7.01,73.3,49.9,1,70.8,6.4,6.1,2,0,1,Placed
8.04,65.4,81.6,1,88.7,8.1,7.3,3,2,0,Placed
7.19,50.4,63.2,0,65.7,7.8,6.2,3,2,1,Not Placed
7.38,76.5,62.2,0,66.5,6.8,6.9,0,5,1,Placed
9.39,78.1,90.5,0,63.2,9.6,8.6,3,3,0,Placed
7.0,65.0,62.2,0,35.0,6.9,5.9,4,3,0,Not Placed
7.71,64.7,78.5,1,73.7,7.3,7.1,1,3,1,Placed
8.87,70.4,85.5,1,77.6,8.2,7.8,3,1,0,Placed
7.21,72.2,71.5,1,60.9,7.6,5.6,3,2,1,Placed
8.17,82.2,65.5,0,71.7,8.1,7.3,1,6,0,Placed
9.21,82.0,92.6,0,76.5,10.0,9.3,1,4,0,Placed
9.58,71.2,89.2,2,99.1,8.3,8.4,5,5,0,Placed
6.13,55.1,54.7,3,66.8,6.5,5.8,2,4,2,Not Placed
9.48,91.2,87.5,0,71.6,8.5,7.6,2,1,0,Placed
7.62,61.7,57.9,2,83.1,6.7,7.8,1,1,0,Placed
6.61,64.5,64.4,1,59.4,6.5,6.4,3,0,2,Placed
7.47,70.6,61.8,1,73.3,7.3,6.7,3,2,0,Placed
9.71,94.5,79.0,1,80.1,10.0,8.2,3,1,0,Placed
7.62,72.9,59.6,0,58.7,7.2,6.7,1,3,1,Not Placed
6.91,59.0,71.9,0,60.7,5.9,4.9,4,3,0,Placed
8.22,85.7,71.1,1,73.8,8.1,7.6,2,5,0,Placed
6.53,61.4,71.5,1,65.8,4.8,6.6,2,4,0,Placed
5.83,56.1,51.0,3,61.0,5.8,5.2,3,5,2,Placed
6.05,51.7,45.0,1,39.0,6.1,4.5,2,0,2,Not Placed
6.05,55.1,48.8,0,49.0,6.7,6.4,4,0,1,Not Placed
6.15,52.9,66.2,2,70.1,6.9,5.6,4,3,1,Not Placed
6.1,57.5,56.0,0,50.8,5.7,6.1,2,2,1,Not Placed
8.26,89.7,72.0,1,71.5,7.8,7.4,4,2,0,Placed
6.28,50.7,59.8,2,73.0,5.6,6.0,4,2,0,Placed
6.99,55.2,68.3,3,65.3,5.9,7.4,5,2,2,Placed
9.36,97.7,93.3,2,70.8,9.0,8.2,2,3,0,Placed
7.54,69.9,79.7,2,70.9,6.3,7.3,3,2,3,Placed
8.37,74.0,74.3,2,73.9,7.6,7.7,2,3,0,Not Placed
6.24,67.2,49.0,3,57.1,5.4,5.6,4,3,2,Placed
6.33,56.5,56.2,0,53.7,6.7,5.7,0,2,0,Placed
5.68,67.8,55.2,0,55.5,7.2,4.8,3,2,0,Not Placed
6.23,64.6,51.5,0,54.6,5.2,5.3,2,1,2,Not Placed
6.7,60.5,55.6,0,61.3,5.1,5.0,2,2,2,Not Placed
6.26,75.2,60.9,2,81.1,6.1,7.3,3,4,1,Placed
5.88,52.5,54.8,1,52.7,5.9,6.1,4,4,2,Not Placed
6.02,63.2,56.6,1,59.9,6.2,6.3,3,3,1,Not Placed
7.48,72.9,63.8,0,59.0,6.9,6.3,4,2,1,Not Placed
6.39,70.3,58.0,2,55.5,6.2,5.0,2,3,1,Not Placed
7.07,78.1,59.0,1,59.2,7.2,7.9,3,3,1,Placed
7.66,72.6,76.9,2,68.7,8.2,7.3,3,3,0,Placed
8.47,74.3,84.9,1,79.1,6.5,7.2,0,3,0,Placed
5.67,58.1,45.0,1,78.0,5.4,5.6,3,3,2,Not Placed
8.94,78.9,75.3,0,67.9,8.6,8.6,3,3,0,Placed
8.2,91.3,64.9,0,65.3,7.1,7.1,3,4,0,Placed
5.85,57.4,50.3,2,59.2,7.3,6.7,3,1,1,Placed
9.26,83.9,84.0,3,93.4,8.2,9.9,3,4,0,Placed
9.46,89.5,76.2,1,85.6,8.9,7.8,1,1,0,Placed
5.76,46.3,47.7,0,64.0,6.2,4.5,1,0,1,Not Placed
6.69,57.1,55.2,1,37.9,6.1,6.8,3,6,2,Placed
8.97,92.3,83.5,2,59.4,7.0,6.6,2,6,0,Placed
8.72,77.1,80.3,2,76.4,7.9,8.2,1,0,0,Placed
6.29,53.0,53.7,0,66.1,7.1,4.5,2,2,2,Not Placed
6.4,65.1,60.9,0,40.3,6.1,5.2,3,1,1,Not Placed
7.09,75.7,61.9,2,39.1,6.2,6.7,2,3,2,Placed
7.58,76.7,68.0,1,74.6,8.1,6.7,3,4,1,Placed
8.16,83.8,86.7,0,71.6,7.5,6.7,3,6,0,Placed
7.09,62.1,75.1,0,50.3,6.5,5.4,2,3,1,Placed
7.49,61.0,60.1,1,58.3,7.4,8.5,4,2,1,Placed
8.71,92.2,85.6,2,71.6,8.9,9.6,3,3,0,Placed
5.66,52.5,58.9,3,63.6,7.6,5.2,3,2,2,Not Placed
6.59,61.2,53.3,1,55.2,7.2,7.2,3,5,1,Placed
8.57,89.7,84.3,1,81.2,9.1,7.5,0,5,0,Placed
9.35,91.2,96.1,0,49.6,8.4,8.2,3,3,0,Placed
7.7,76.0,63.1,1,61.2,6.6,7.0,2,2,0,Placed
7.79,88.7,65.4,1,59.2,7.5,6.7,5,2,0,Placed
5.96,52.9,63.0,1,54.1,6.1,6.2,4,0,2,Not Placed
7.42,76.8,70.5,1,62.3,6.3,6.9,3,4,1,Not Placed
7.79,74.0,75.6,0,74.4,7.4,6.4,2,3,0,Placed
6.54,64.4,63.3,0,38.5,6.8,4.8,2,2,1,Placed
6.66,74.3,64.7,1,62.4,6.8,5.5,2,3,2,Not Placed
7.12,71.2,56.7,0,67.0,7.3,5.0,3,4,1,Placed
5.59,58.0,60.0,0,68.5,5.9,4.9,2,1,2,Not Placed
6.88,73.1,72.0,3,66.8,6.3,6.2,3,4,0,Placed
6.41,58.9,58.2,1,63.3,5.9,5.7,1,5,2,Not Placed
6.91,59.9,63.8,1,45.8,5.8,7.3,5,5,1,Placed
6.01,50.6,45.6,2,37.2,7.4,6.8,1,2,1,Not Placed
9.33,73.3,88.8,3,98.4,8.8,9.1,5,1,0,Placed
8.05,90.2,78.0,1,72.3,7.5,7.3,4,2,0,Placed
8.42,71.4,76.8,2,90.9,7.3,9.3,3,2,0,Placed
8.89,81.7,89.2,1,64.9,10.0,8.4,3,1,0,Placed
7.64,70.3,68.1,1,74.5,6.5,6.8,2,3,0,Placed
5.87,58.8,59.0,1,74.7,5.5,4.5,3,3,0,Not Placed
7.81,79.4,64.8,2,78.8,7.8,7.8,2,5,1,Placed
8.02,81.6,73.6,2,78.9,8.2,8.3,2,0,0,Placed
8.71,77.6,78.6,1,77.4,9.0,7.5,3,3,0,Placed
7.36,68.6,69.6,0,47.5,8.6,6.6,3,4,1,Placed
6.05,60.2,54.0,1,70.9,6.4,5.4,3,4,1,Not Placed
6.72,62.4,61.5,0,52.3,5.8,5.7,2,5,1,Not Placed
7.06,78.4,71.2,1,70.0,6.7,4.7,2,4,1,Placed
8.28,81.3,73.0,2,62.5,8.1,7.7,1,5,1,Placed
7.95,80.1,61.9,2,63.8,9.3,8.3,1,2,0,Placed
7.03,71.5,77.4,2,83.1,5.7,6.4,2,3,2,Placed
9.74,98.9,98.4,2,85.6,10.0,9.2,1,0,0,Placed
8.1,77.5,65.4,1,87.3,7.9,6.9,1,0,0,Placed
6.52,53.3,65.6,2,64.1,7.1,6.6,4,2,2,Not Placed
5.94,60.1,52.2,1,38.1,5.9,5.4,0,1,1,Not Placed
6.16,54.6,59.4,0,63.1,5.5,4.7,3,2,3,Not Placed
6.56,59.0,63.1,0,51.3,7.1,6.6,2,1,1,Not Placed
6.19,63.6,56.2,0,61.4,6.7,6.0,4,0,0,Not Placed
6.3,69.1,53.3,1,59.5,7.0,5.4,3,5,2,Not Placed
6.73,64.4,57.7,1,47.0,6.6,6.6,2,0,1,Not Placed
6.25,62.2,52.0,2,64.5,5.7,6.5,3,4,1,Placed
9.36,99.3,79.6,0,100.0,7.6,8.6,2,1,0,Placed
5.85,58.2,54.4,0,56.8,6.5,3.9,3,5,0,Not Placed
7.76,91.5,66.5,3,77.6,7.8,8.5,1,5,0,Placed
7.26,72.8,71.9,0,73.2,6.3,5.9,5,3,1,Placed
9.72,78.2,99.0,1,87.0,8.7,8.6,2,3,0,Placed
5.98,62.9,52.0,1,58.9,5.6,7.4,2,0,1,Not Placed
7.21,71.1,68.4,1,55.2,5.8,6.8,3,6,0,Placed
9.67,99.1,91.6,0,82.9,8.4,8.1,2,5,0,Placed
9.22,90.8,87.5,0,87.5,7.8,6.5,4,5,0,Placed
9.01,83.3,82.9,0,67.2,8.2,8.8,3,3,0,Placed
6.61,54.6,66.7,1,75.8,5.9,5.2,3,2,2,Not Placed
6.23,58.4,61.6,1,57.8,4.9,5.1,1,5,1,Not Placed
8.38,72.8,68.2,0,62.0,9.6,7.1,4,2,0,Placed
9.5,84.5,92.7,1,93.2,9.9,9.6,3,3,0,Placed
7.89,78.6,78.9,2,72.3,7.0,8.1,2,1,1,Placed
7.96,86.7,67.9,0,75.3,7.9,6.8,1,5,0,Placed
6.7,66.7,62.6,1,59.3,6.9,6.4,2,1,1,Placed
8.81,74.2,85.4,2,81.5,9.3,7.9,5,1,0,Placed
6.3,63.6,57.3,0,60.2,5.6,5.6,2,3,2,Not Placed
6.89,74.0,71.5,1,66.6,7.6,6.4,3,4,0,Placed
7.33,65.2,84.3,1,47.0,6.7,7.4,0,3,1,Placed
7.68,71.6,65.3,2,62.4,6.3,8.1,2,2,0,Placed
6.54,62.7,51.2,2,74.3,7.0,6.7,3,0,1,Not Placed
5.99,52.2,58.2,1,55.6,7.0,5.3,5,4,1,Not Placed
8.13,81.1,79.8,2,71.7,9.8,8.3,3,6,0,Placed
6.74,63.5,61.0,1,49.0,5.7,6.1,4,4,0,Placed
8.0,78.3,83.8,1,61.2,8.2,6.5,3,3,0,Placed
6.16,53.0,48.2,1,38.0,5.8,5.4,0,5,1,Not Placed
7.57,68.6,74.7,0,63.8,7.9,6.6,2,2,1,Placed
7.79,78.6,67.5,2,68.4,6.3,8.1,3,3,2,Placed
5.72,52.7,65.8,1,45.2,4.8,5.2,5,3,1,Not Placed
6.95,78.2,78.4,1,63.4,6.2,5.5,4,2,1,Not Placed
6.08,55.7,51.5,3,69.2,6.1,6.4,2,4,3,Not Placed
5.77,57.3,50.4,0,72.2,5.3,5.1,2,3,1,Not Placed
9.76,97.4,94.9,1,70.1,9.7,9.0,2,2,0,Placed
6.89,55.7,61.2,0,71.3,7.6,6.6,4,2,1,Not Placed
8.98,71.7,81.8,2,93.1,9.0,9.2,4,0,0,Placed
6.59,52.3,61.5,2,57.6,7.8,6.0,4,3,2,Placed
8.43,88.0,63.9,1,77.3,8.4,7.2,2,1,0,Placed
8.77,78.3,80.2,2,77.2,7.3,7.6,3,1,0,Placed
8.06,93.8,69.3,1,74.3,8.8,7.8,3,3,0,Placed
7.53,67.3,66.1,2,87.6,6.8,8.3,2,3,0,Placed
7.27,70.3,77.4,1,72.6,7.8,6.5,3,4,0,Not Placed
7.0,77.4,56.1,1,69.6,8.1,6.3,0,3,1,Not Placed
9.5,100.0,92.3,3,86.9,9.3,10.0,1,5,0,Placed
9.07,99.2,81.0,0,61.2,7.4,8.2,4,5,0,Placed
9.65,98.4,86.0,0,78.3,8.3,8.7,4,4,0,Placed
6.03,65.2,62.0,1,69.3,7.1,4.8,2,3,1,Placed
8.64,85.2,81.5,3,69.5,8.1,9.0,3,2,0,Placed
9.53,94.3,90.9,1,72.9,9.0,8.0,2,6,0,Placed
6.28,56.4,65.4,0,56.4,6.8,4.7,3,2,1,Not Placed
5.79,50.2,52.1,1,45.6,6.4,5.1,4,1,1,Not Placed
8.69,81.4,75.3,1,69.2,8.5,7.5,4,2,0,Placed
7.97,73.9,65.7,0,63.5,7.5,6.8,3,0,0,Placed
9.12,82.1,77.6,2,70.7,8.3,7.6,2,6,0,Placed
6.1,63.6,77.7,3,56.0,6.8,7.0,2,3,3,Not Placed
8.92,90.2,90.3,1,85.9,8.9,8.9,3,3,0,Placed
6.37,61.7,50.0,1,46.7,6.1,4.5,2,3,1,Placed
6.2,69.9,48.7,1,42.5,7.0,6.4,4,3,1,Placed
6.21,51.7,61.4,0,48.3,6.1,4.8,2,0,2,Not Placed
9.0,82.8,86.1,2,90.8,7.8,9.1,1,3,0,Placed
8.36,73.6,80.6,1,72.7,7.4,7.6,2,4,0,Placed
7.75,60.1,69.6,1,65.5,6.7,7.1,5,2,0,Placed
7.04,66.4,64.4,2,69.2,6.6,6.7,2,4,1,Placed
9.27,85.7,86.9,1,64.1,9.7,9.3,3,1,0,Placed
7.19,78.9,67.2,1,70.9,6.3,5.7,2,1,2,Placed
9.01,88.7,66.9,0,79.4,8.7,8.3,1,1,0,Placed
7.39,62.9,66.7,2,67.3,6.6,7.9,3,2,0,Placed
7.12,80.6,60.0,3,83.5,6.7,7.7,3,4,0,Placed
7.49,79.5,70.4,1,56.9,6.0,8.5,3,4,0,Placed
6.8,68.9,84.1,3,82.3,6.5,6.6,4,2,0,Placed
8.71,80.1,82.3,0,74.9,8.1,8.2,2,3,0,Placed
7.66,65.7,68.4,1,66.1,7.8,6.9,1,4,1,Placed
6.5,59.6,67.0,1,60.6,6.6,6.9,5,2,1,Not Placed
9.37,95.1,88.9,1,81.2,7.8,8.5,2,1,1,Placed
7.15,81.1,69.1,1,77.8,7.8,6.3,3,6,0,Placed
7.84,84.8,76.5,1,60.0,7.7,8.1,4,3,1,Placed
9.4,84.3,100.0,0,70.9,9.0,7.8,2,6,0,Placed
8.18,69.1,67.2,1,83.7,7.8,6.5,3,2,0,Placed
6.0,58.8,59.5,0,47.0,5.6,4.9,1,4,2,Not Placed
9.54,76.6,80.5,2,96.6,9.1,9.4,2,1,0,Placed
8.2,79.4,79.2,0,86.5,8.2,8.1,1,2,0,Placed
6.94,65.0,57.9,0,56.0,5.4,6.1,4,3,1,Placed
6.1,55.4,54.1,1,64.6,5.7,6.6,2,2,1,Not Placed
8.91,72.2,79.5,1,67.3,8.2,7.1,3,1,0,Placed
8.17,80.5,81.9,2,84.8,8.0,7.5,5,2,0,Placed
7.79,69.8,78.2,1,72.4,8.4,6.9,3,0,0,Placed
9.34,79.0,76.5,1,86.8,8.2,8.4,3,4,0,Placed
8.89,63.1,81.7,2,76.2,8.0,8.5,3,3,0,Placed
6.15,58.9,52.5,1,41.5,5.7,6.2,2,1,1,Not Placed
6.84,77.6,54.7,0,64.3,6.1,5.6,3,1,2,Placed
6.57,74.4,59.6,1,40.6,6.2,6.2,3,1,2,Not Placed
8.7,78.4,77.5,3,82.1,8.9,8.6,5,3,0,Placed
5.64,50.4,70.1,1,63.7,4.9,4.6,5,1,2,Not Placed
7.95,78.2,76.2,0,69.5,8.0,6.8,4,4,0,Placed
8.78,75.3,70.7,0,93.3,7.0,7.5,4,0,0,Placed
9.27,88.7,80.7,0,87.8,8.3,7.9,3,2,0,Placed
6.97,71.7,71.8,1,57.7,6.5,6.4,3,5,0,Placed
9.03,93.1,97.2,1,80.0,9.9,8.3,4,4,0,Placed
5.98,56.9,45.0,0,52.4,5.8,4.9,2,0,0,Not Placed
9.14,84.0,70.4,3,72.7,6.9,9.9,5,4,0,Placed
6.05,52.1,69.7,2,52.0,4.4,5.1,2,3,2,Not Placed
7.21,62.7,69.5,1,60.5,7.0,6.1,3,4,0,Not Placed
8.93,82.0,75.6,2,62.6,8.9,10.0,3,3,0,Placed
6.14,61.6,61.2,0,54.5,6.4,4.6,5,3,2,Not Placed
6.49,68.5,45.0,1,58.2,6.5,5.0,2,6,2,Not Placed
8.61,75.1,78.9,1,59.8,9.1,8.4,3,2,0,Placed
8.6,91.1,81.1,2,84.5,7.7,6.7,3,3,0,Placed
8.26,75.8,82.3,2,85.1,8.6,7.7,2,3,0,Placed
8.48,79.5,70.7,0,73.9,6.8,8.9,4,0,0,Placed
7.83,68.7,72.7,3,75.5,6.8,6.8,3,0,0,Placed
6.58,45.9,54.8,0,63.3,5.0,4.3,3,1,0,Not Placed
6.99,72.7,66.6,2,75.2,6.6,5.7,2,3,2,Placed
6.28,65.4,52.4,3,70.2,6.2,7.1,3,3,1,Placed
9.41,85.8,83.0,0,70.3,8.9,9.0,3,3,1,Placed
8.01,76.0,66.7,2,78.8,7.7,7.3,2,0,0,Placed
7.22,72.1,71.4,0,74.1,6.3,6.8,1,3,2,Not Placed
7.49,60.0,75.2,1,62.2,7.1,7.8,5,5,0,Placed
9.57,85.5,85.6,1,100.0,7.8,9.9,3,2,0,Placed
6.16,64.8,57.9,1,52.9,7.2,5.5,3,3,0,Placed
8.02,66.8,63.6,3,80.5,7.4,6.4,2,4,0,Placed
7.68,74.6,68.7,2,66.9,7.0,6.8,2,4,0,Placed
8.13,67.0,74.4,1,75.2,9.0,7.1,2,3,0,Placed
5.58,57.4,70.9,2,40.4,4.7,5.4,2,4,2,Not Placed
9.25,86.2,76.7,3,83.9,7.8,9.0,3,2,0,Placed
9.51,77.4,97.0,0,68.4,8.0,9.1,3,5,0,Placed
7.93,82.9,80.0,3,80.8,7.6,8.8,3,2,0,Placed
8.5,74.7,79.9,0,81.7,8.4,7.3,1,2,0,Placed
9.47,82.7,98.7,2,93.5,9.5,9.7,3,0,0,Placed
8.54,81.6,80.9,0,48.3,10.0,7.7,1,4,0,Placed
6.16,67.2,60.3,0,74.6,4.3,5.4,1,2,1,Not Placed
7.98,68.1,73.1,1,74.8,8.1,7.9,5,1,1,Placed
8.11,76.8,83.1,1,65.1,7.3,7.5,3,2,0,Placed
7.32,72.4,75.4,1,68.5,6.6,8.2,3,5,1,Placed
8.67,86.1,75.0,0,74.8,7.7,6.5,2,4,0,Placed
9.52,90.0,77.6,1,76.7,8.2,8.3,4,3,0,Placed
9.48,85.9,85.1,3,93.1,10.0,9.2,3,3,0,Placed
7.44,64.7,63.1,1,61.7,7.9,7.1,4,3,1,Placed
5.99,58.3,55.7,0,48.9,6.0,6.1,2,2,2,Not Placed
9.73,83.1,97.3,1,78.1,10.0,8.8,5,5,0,Placed
9.11,64.7,80.1,0,62.0,7.4,6.9,4,1,0,Placed
6.04,61.2,56.2,2,62.8,5.0,6.5,4,2,0,Not Placed
9.46,94.6,86.7,2,92.8,7.1,9.5,1,2,0,Placed
9.24,69.8,90.3,1,86.4,8.1,7.0,2,3,0,Placed
7.73,66.0,55.5,1,78.2,7.6,7.1,2,3,0,Placed
8.04,80.1,69.7,2,79.5,7.8,6.6,2,3,1,Placed
7.22,82.9,68.3,1,60.8,7.1,6.2,4,1,1,Not Placed
5.74,55.7,62.3,2,67.4,4.7,5.1,0,3,3,Placed
6.94,61.0,60.9,1,50.5,7.4,7.0,1,2,1,Not Placed
8.95,82.5,68.7,2,74.1,8.7,8.6,2,1,0,Placed
5.52,63.2,56.4,1,43.8,6.2,4.3,1,0,1,Not Placed
6.93,61.5,59.8,1,74.8,5.3,7.0,2,4,1,Placed
7.21,62.9,58.4,3,83.5,7.3,6.3,4,2,2,Placed
7.81,70.3,67.6,1,75.4,6.6,7.4,3,3,0,Placed
9.46,81.6,85.0,1,93.7,8.6,8.0,0,4,0,Placed
6.99,67.4,60.6,0,51.6,7.3,5.8,2,3,1,Placed
6.99,77.9,49.4,1,67.9,6.9,6.8,2,3,2,Not Placed
8.67,83.6,85.7,1,75.8,7.5,8.3,1,2,0,Placed
7.44,68.7,77.7,0,72.3,7.2,7.4,3,2,1,Placed
6.47,59.9,64.8,0,55.4,5.2,5.6,3,3,1,Placed
7.45,59.6,60.9,1,64.0,8.1,7.0,3,3,2,Placed
6.11,64.9,55.7,2,67.2,5.9,5.7,3,4,0,Not Placed
6.26,59.5,58.4,1,67.7,7.1,5.9,0,5,1,Not Placed
7.64,71.0,74.7,0,58.6,6.9,7.0,5,1,0,Placed
7.3,91.6,72.2,2,70.1,6.7,7.0,4,1,1,Placed
9.43,90.1,80.9,0,68.1,8.2,6.9,4,3,0,Placed
7.06,61.9,66.0,1,40.0,7.6,6.7,0,2,0,Placed
8.0,72.4,76.8,0,70.0,7.1,7.2,5,0,0,Placed
8.22,85.4,85.7,0,75.7,8.4,6.7,4,5,0,Placed
5.56,54.7,57.3,0,52.3,5.3,3.9,4,1,0,Not Placed
8.35,68.4,82.2,1,55.1,6.4,8.6,1,5,0,Placed
6.27,66.6,59.1,0,51.5,5.8,5.8,3,4,2,Not Placed
9.63,85.1,97.7,1,62.0,8.1,8.6,5,4,0,Placed
6.14,72.1,60.3,1,71.7,6.1,4.9,3,1,1,Placed
7.28,76.6,61.3,1,55.7,6.1,6.1,3,2,2,Not Placed
5.87,53.5,64.9,1,68.6,6.6,6.4,5,3,1,Placed
9.79,100.0,94.1,2,98.9,9.1,9.3,2,1,0,Placed
7.66,72.9,67.5,0,56.4,7.2,6.3,3,2,0,Placed
8.06,81.9,70.8,1,61.1,8.2,7.7,3,2,0,Placed
5.79,59.3,56.4,0,54.9,6.6,4.5,5,1,2,Placed
8.72,75.8,83.1,0,65.0,8.3,8.6,1,1,0,Placed
6.4,56.8,61.1,1,61.0,5.7,6.9,3,4,2,Not Placed
9.36,94.6,87.6,1,77.4,7.4,8.2,3,1,0,Placed
6.38,58.8,71.4,2,46.0,5.8,5.8,4,0,0,Placed
6.32,57.8,66.5,1,37.1,5.8,4.0,3,3,1,Not Placed
5.66,48.1,54.6,3,64.7,5.8,4.9,4,6,0,Not Placed
7.53,74.2,76.1,0,58.9,7.0,5.6,5,2,1,Placed
7.93,89.2,65.8,0,61.9,8.2,7.0,1,1,0,Not Placed
5.78,48.4,57.1,0,58.3,5.3,4.8,2,3,0,Not Placed
8.83,82.9,93.5,0,86.0,8.3,6.7,0,5,0,Placed
7.45,80.4,67.3,1,65.1,8.2,6.6,2,4,0,Placed
7.75,72.6,65.5,1,66.7,7.7,7.4,3,3,0,Placed
7.4,73.3,63.8,0,68.5,7.1,6.8,4,2,1,Placed
7.22,61.1,59.2,3,60.6,6.5,6.0,4,3,0,Placed
7.91,77.6,67.3,2,77.6,7.1,7.5,1,1,0,Placed
6.17,58.0,55.1,0,59.8,5.5,4.4,1,3,0,Placed
6.28,67.2,48.8,0,61.9,5.8,6.1,3,4,1,Placed
9.21,94.4,84.2,0,57.7,9.3,8.6,3,6,0,Placed
9.57,100.0,93.6,0,72.2,8.8,7.7,2,2,0,Placed
7.11,71.6,59.5,0,52.5,5.8,5.6,4,0,0,Not Placed
6.66,65.9,72.6,1,62.9,8.0,5.8,4,3,1,Placed
8.27,79.1,79.5,0,74.8,8.1,5.6,2,4,0,Placed
7.26,66.4,74.4,1,81.4,5.9,6.9,4,4,2,Placed
5.61,56.7,48.2,3,57.1,5.3,5.7,2,1,1,Not Placed
6.17,57.2,63.7,2,57.3,6.2,6.7,3,2,1,Placed
8.58,81.7,71.0,3,95.8,9.5,7.7,3,3,0,Placed
8.33,87.5,82.7,0,73.4,7.1,6.8,1,2,0,Not Placed
5.62,47.4,54.1,1,66.8,6.5,4.2,4,5,0,Placed
6.45,69.7,64.0,1,63.3,7.5,5.3,3,3,1,Placed
6.49,71.3,52.2,0,45.1,5.9,4.8,3,4,0,Not Placed
8.39,78.0,70.7,0,57.6,7.8,8.0,2,3,0,Placed
5.58,45.0,56.7,2,42.3,4.8,5.1,0,4,1,Not Placed
5.95,53.1,49.1,1,63.2,5.8,5.6,1,2,2,Not Placed
8.94,92.8,85.0,1,90.9,8.4,7.9,3,4,0,Placed
6.27,60.0,49.0,1,77.5,6.8,4.9,3,2,1,Not Placed
8.31,71.1,82.2,1,82.8,8.8,7.5,2,3,0,Placed
6.52,58.8,52.1,0,68.5,5.8,6.1,3,1,2,Placed
5.93,63.1,59.5,1,50.7,4.4,4.7,3,3,0,Not Placed
6.55,66.5,65.4,0,45.6,6.4,6.3,3,2,1,Not Placed
8.61,79.1,74.0,0,81.1,8.4,6.9,3,2,0,Placed
9.18,83.2,87.9,3,93.0,8.8,8.7,4,6,0,Placed
9.07,82.1,84.7,1,81.1,8.3,8.6,3,1,0,Placed
7.21,62.0,63.0,2,73.9,7.1,6.5,3,4,0,Placed
8.37,90.0,69.8,1,78.0,9.2,7.7,1,6,0,Placed
6.38,58.9,45.8,1,72.7,6.6,5.7,2,0,2,Not Placed
6.76,73.0,65.3,0,71.6,6.3,6.0,0,3,1,Not Placed
9.35,97.9,74.4,0,83.6,8.4,6.5,3,2,0,Placed
5.56,60.9,53.0,0,58.2,5.5,3.6,2,0,2,Not Placed
5.87,53.6,53.2,2,65.2,7.2,6.2,2,2,2,Not Placed
6.39,64.1,64.3,2,59.3,6.2,7.0,4,5,1,Not Placed
5.61,54.2,50.7,1,61.6,5.7,4.6,2,0,3,Not Placed
6.28,53.9,56.3,1,45.2,5.8,5.6,2,3,0,Not Placed
8.01,77.8,78.8,3,90.6,8.6,8.2,1,3,0,Placed
7.31,61.1,69.9,0,50.9,8.7,6.8,4,5,1,Placed
9.34,95.5,87.5,0,80.9,9.1,6.7,1,1,0,Placed
9.02,81.1,85.8,1,71.2,8.6,7.6,3,3,0,Placed
6.97,67.7,53.9,2,73.8,6.8,6.5,3,3,0,Placed
6.62,65.2,66.9,3,69.3,4.6,7.3,3,3,1,Not Placed
7.13,65.9,70.3,0,45.5,7.5,7.9,3,5,0,Placed
8.04,79.9,66.8,2,80.5,7.8,7.5,4,4,0,Placed
6.65,60.2,60.1,2,60.1,6.9,5.5,0,0,2,Not Placed
8.18,83.1,74.9,0,78.2,7.2,7.4,2,3,0,Placed
7.26,59.5,66.2,1,66.5,6.7,7.6,2,2,0,Placed
7.87,75.1,74.8,1,75.0,7.2,7.3,1,2,1,Placed
7.38,83.5,78.2,3,65.8,8.0,6.8,2,3,0,Placed
6.77,57.6,70.5,0,52.9,6.3,6.6,2,2,0,Not Placed
9.58,84.6,78.2,2,83.3,10.0,9.5,3,2,0,Placed
8.78,85.9,84.7,1,86.4,8.7,7.3,3,6,0,Placed
6.1,59.9,66.4,2,78.5,5.1,6.3,2,1,0,Not Placed
9.23,88.7,87.0,1,73.2,8.6,9.1,3,5,0,Placed
7.6,75.3,77.8,1,79.8,6.8,7.8,2,3,0,Placed
9.35,91.7,99.4,2,64.4,7.0,8.8,2,3,0,Placed
8.94,91.4,88.9,2,71.1,9.7,8.2,3,4,0,Placed
7.33,72.4,69.5,2,61.4,7.7,7.9,0,2,1,Placed
5.6,52.6,60.0,0,36.5,6.1,4.0,1,2,2,Not Placed
6.66,68.3,63.0,2,50.1,6.7,6.8,2,2,0,Placed
7.83,87.2,72.3,0,70.9,6.4,5.8,5,2,0,Not Placed
8.22,76.4,73.1,1,71.5,7.5,8.2,3,5,1,Placed
6.61,56.3,72.5,1,65.4,7.2,5.9,1,4,0,Placed
6.1,66.4,51.3,1,64.7,5.2,6.5,4,1,2,Not Placed
9.09,84.1,93.8,1,82.8,6.5,8.6,3,1,0,Placed
9.73,75.4,92.2,3,99.6,8.9,8.7,3,2,1,Placed
7.76,79.2,61.7,0,65.5,7.4,7.7,4,1,0,Placed
6.24,56.2,60.9,2,50.9,6.3,7.2,2,3,1,Placed
6.67,63.1,47.3,1,72.6,7.1,6.8,2,1,1,Placed
5.58,56.4,56.9,0,44.0,6.2,4.3,3,3,2,Not Placed
9.43,89.3,92.2,0,69.4,9.1,8.0,3,0,0,Placed
6.01,62.9,52.1,3,63.3,7.0,6.4,3,2,1,Not Placed
7.98,72.2,74.3,2,66.7,6.4,7.1,3,3,0,Placed
6.68,67.4,75.8,3,65.9,7.0,8.0,5,3,0,Placed
7.88,72.5,69.0,3,82.5,8.1,8.0,4,6,0,Placed
8.3,83.2,68.8,0,73.7,6.9,5.3,4,5,0,Placed
9.07,89.1,93.3,1,71.0,7.4,8.5,4,2,0,Placed
6.39,54.7,73.3,2,59.0,5.7,6.0,5,0,1,Placed
5.55,61.4,52.3,1,64.4,5.1,5.1,1,4,1,Not Placed
6.09,54.8,64.1,1,62.6,6.7,5.4,2,5,1,Not Placed
9.37,93.1,94.9,1,100.0,8.3,9.1,3,4,0,Placed
9.26,89.1,79.4,1,93.3,8.0,9.2,4,1,0,Placed
8.07,88.9,70.8,1,84.0,7.2,7.6,3,6,0,Placed
8.08,74.5,82.9,0,54.7,8.6,6.8,3,2,0,Placed
8.36,76.1,88.5,1,82.3,8.0,7.6,1,4,0,Placed
6.25,59.9,62.3,1,58.3,6.1,5.8,2,5,3,Not Placed
9.43,85.9,79.9,1,77.2,8.8,8.0,3,2,0,Placed
7.3,74.8,81.4,0,64.4,8.1,6.8,1,5,1,Placed
7.15,56.6,62.5,2,79.1,6.4,7.2,2,2,0,Placed
7.73,65.6,68.9,0,71.0,8.5,7.8,2,6,0,Placed
5.7,47.7,56.0,1,46.0,5.9,6.2,2,2,1,Not Placed
6.22,66.4,69.0,2,70.1,6.1,5.6,3,6,1,Placed
8.67,93.3,85.4,1,70.6,10.0,8.5,2,0,1,Placed
5.86,55.8,57.9,0,54.1,5.0,4.4,3,4,3,Not Placed
8.09,75.0,77.6,2,73.6,7.5,8.2,1,3,0,Placed
6.56,63.2,61.4,1,59.0,5.5,5.7,4,3,1,Placed
7.17,76.2,70.3,2,77.4,7.7,6.2,2,1,0,Placed
6.74,57.8,45.0,2,56.1,8.0,6.8,3,4,1,Placed
7.03,68.5,63.1,1,84.2,8.2,4.6,3,1,2,Not Placed
8.59,87.4,80.4,1,58.2,9.1,6.6,2,3,0,Placed
6.78,68.2,54.9,0,52.9,6.5,5.8,4,2,1,Not Placed
7.94,76.2,75.8,0,71.3,7.3,7.0,3,6,0,Placed
7.55,78.4,68.3,1,74.5,6.0,6.7,2,0,0,Placed
8.35,59.6,88.9,1,73.6,9.6,6.5,1,1,1,Placed
9.53,93.6,97.9,1,82.9,9.3,8.1,5,2,0,Placed
8.65,76.5,76.0,0,77.0,7.8,7.8,4,2,0,Placed
6.42,48.7,58.8,0,53.8,7.4,6.0,2,2,0,Placed
5.63,58.1,52.5,1,68.2,4.9,5.2,2,3,2,Not Placed
6.63,73.0,58.5,0,66.1,6.9,6.6,4,5,0,Placed
8.06,75.0,75.5,2,85.2,7.6,8.0,3,4,1,Placed
5.72,62.0,48.5,0,41.2,6.3,4.5,4,3,0,Not Placed
7.63,83.4,62.5,1,68.4,7.3,6.8,2,1,1,Placed
8.07,85.2,78.6,3,77.5,6.6,7.1,3,3,0,Placed
6.94,77.6,68.8,0,50.0,6.8,6.0,2,1,0,Placed
8.81,87.7,75.0,1,81.7,9.2,8.8,2,4,0,Placed
5.96,58.0,62.1,0,47.3,5.9,5.7,3,2,1,Not Placed
5.82,45.0,50.2,1,62.2,6.5,6.4,5,2,1,Not Placed
8.63,79.2,80.9,1,66.0,7.4,7.6,2,2,0,Placed
7.63,66.2,76.1,1,86.4,7.3,7.9,3,4,0,Placed
8.46,94.6,77.4,1,66.5,7.6,7.6,3,1,0,Placed
7.37,68.6,71.3,2,73.5,7.7,8.1,3,3,0,Placed
6.56,63.6,57.5,0,65.1,6.5,5.7,4,1,1,Placed
9.02,88.2,81.1,0,69.9,9.1,8.3,4,4,0,Placed
8.94,84.0,80.3,2,91.6,9.3,9.5,1,5,0,Placed
8.49,91.6,72.6,1,63.4,8.6,7.6,5,2,1,Placed
6.67,59.3,60.8,2,80.5,6.8,6.7,4,3,2,Placed
8.04,77.1,63.1,1,72.4,6.9,8.2,4,5,0,Placed
7.05,61.8,61.9,2,62.9,6.9,6.7,3,3,0,Placed
5.89,47.6,53.2,1,53.2,5.5,4.5,4,3,2,Not Placed
9.44,83.8,84.3,2,94.9,8.6,10.0,1,3,0,Placed
6.09,58.3,55.3,3,59.8,5.8,6.0,2,3,0,Not Placed
9.59,86.4,87.0,1,76.4,8.2,8.8,4,1,0,Placed
7.42,65.4,71.9,0,61.4,5.6,7.3,2,4,1,Placed
